team,name,norm,jersey,position,class_year,major,source
Plymouth St.,Dom Martone,dom martone,1,DB,Fr.,Business,sidearm
Plymouth St.,Robbie Engel,robbie engel,2,DB,Jr.,Marketing,sidearm
Plymouth St.,Jayden Graham,jayden graham,3,RB,So.,Business,sidearm
Plymouth St.,Greg Berthiaume,greg berthiaume,4,DB,Sr.,Business Administration,sidearm
Plymouth St.,DJ DiCarlo,dj dicarlo,5,DB,Fr.,Business,sidearm
Plymouth St.,Rocky Marchitelli,rocky marchitelli,5,QB,Sr.,Business Administration,sidearm
Plymouth St.,Ben Brown,ben brown,6,DB,Jr.,English Education,sidearm
Plymouth St.,Bryce  Todd,bryce todd,7,DB,Fr.,Marketing,sidearm
Plymouth St.,Matt Phillips,matt phillips,8,WR,Jr.,Exercise and Sport Physiology,sidearm
Plymouth St.,Joey Donati,joey donati,9,WR,Fr.,Undeclared,sidearm
Plymouth St.,TJ Taveras,tj taveras,10,DL,Sr.,Information Technology,sidearm
Plymouth St.,Luke Beaulac,luke beaulac,11,DB,Jr.,Criminal Justice,sidearm
Plymouth St.,Daelon Bond-Streater,daelon streater,12,DB,Fr.,Allied Health Sciences,sidearm
Plymouth St.,Mason Riina,mason riina,12,RB,So.,Exercise and Sport Physiology,sidearm
Plymouth St.,Hunter  Trueman,hunter trueman,13,WR,Jr.,Finance,sidearm
Plymouth St.,Chris McCarthy,chris mccarthy,14,WR,Jr.,Marketing,sidearm
Plymouth St.,Alex St. Hilaire,alex hilaire,15,DB,So.,Business,sidearm
Plymouth St.,Ben Cook,ben cook,16,DB,Fr.,Accounting,sidearm
Plymouth St.,Richie Trotman,richie trotman,16,QB,Fr.,Business Management,sidearm
Plymouth St.,Connor Graham,connor graham,17,DB,Sr.,Business Administration,sidearm
Plymouth St.,Colton Lefebvre,colton lefebvre,18,QB,Fr.,"Sports Management, Communications",sidearm
Plymouth St.,Grady Pfefferkorn,grady pfefferkorn,18,DB,Fr.,Nursing,sidearm
Plymouth St.,Tyler Umhoefer,tyler umhoefer,19,RB,Fr.,Exercise and Sport Physiology,sidearm
Plymouth St.,Brendan  Kelly,brendan kelly,20,LB,So.,Business,sidearm
Plymouth St.,Reece Davis,reece davis,21,RB,Sr.,Finance,sidearm
Plymouth St.,Aidan Fritz,aidan fritz,23,LB,Sr.,Exercise and Sport Physiology,sidearm
Plymouth St.,Seid Djalla,seid djalla,24,DB,So.,Business Administration,sidearm
Plymouth St.,Isaiah Hardin,isaiah hardin,25,DB,Fr.,Undeclared,sidearm
Plymouth St.,Beau Fellows,beau fellows,26,WR,Sr.,Psychology,sidearm
Plymouth St.,Carl Lucy,carl lucy,27,RB,Fr.,Business,sidearm
Plymouth St.,Tyler  Holcomb,tyler holcomb,28,LB,Sr.,Sports Management,sidearm
Plymouth St.,Sean Vega,sean vega,29,RB,So.,Cybersecurity,sidearm
Plymouth St.,Ben Valenti,ben valenti,30,RB,Fr.,Nursing,sidearm
Plymouth St.,Alejandro Rauth,alejandro rauth,31,LB,So.,Business Administration,sidearm
Plymouth St.,Josh Phillips,josh phillips,32,RB,Fr.,Exercise and Sport Physiology,sidearm
Plymouth St.,Christian McGarry,christian mcgarry,33,DL,Jr.,Business,sidearm
Plymouth St.,Athan Eggleston,athan eggleston,34,RB,Fr.,Physical and Health Education,sidearm
Plymouth St.,Lucas Tremblay,lucas tremblay,35,RB,Sr.,Criminology,sidearm
Plymouth St.,McCade Cummings,mccade cummings,36,RB,Fr.,Finance,sidearm
Plymouth St.,Ryland Raudelunas,ryland raudelunas,37,RB,Fr.,Sports Management,sidearm
Plymouth St.,Drake  Dumont,drake dumont,38,RB,Fr.,Business Administration,sidearm
Plymouth St.,Matt Moudarri,matt moudarri,39,RB,Fr.,Business,sidearm
Plymouth St.,Shawn  Waters,shawn waters,39,DB,Fr.,Sports Management,sidearm
Plymouth St.,Francesco  Lopriore,francesco lopriore,40,RB,So.,Business,sidearm
Plymouth St.,Morris Selmani,morris selmani,42,LB,So.,Finance,sidearm
Plymouth St.,Ricky  Phom,ricky phom,43,DB,Fr.,Business,sidearm
Plymouth St.,Adam Coletti,adam coletti,44,TE,Sr.,Business Administration,sidearm
Plymouth St.,Hunter Burke,hunter burke,45,LB,Jr.,Criminal Justice,sidearm
Plymouth St.,Jonah Feliciano,jonah feliciano,46,LB,Fr.,Exercise and Sport Physiology,sidearm
Plymouth St.,Mason Twitchell,mason twitchell,47,LB,Jr.,Business Management,sidearm
Plymouth St.,Drew Cakouros,drew cakouros,48,RB,Sr.,Sports Management,sidearm
Plymouth St.,Will Maynard,will maynard,49,RB,Fr.,Business,sidearm
Plymouth St.,Jayden Moreau,jayden moreau,50,LB,Fr.,Exercise and Sport Physiology,sidearm
Plymouth St.,Thomas Tierney,thomas tierney,51,OL,So.,Business,sidearm
Plymouth St.,Jack Walsh,jack walsh,52,OL,Jr.,Criminal Justice,sidearm
Plymouth St.,Alejandro  Foden,alejandro foden,53,LB,Fr.,Finance,sidearm
Plymouth St.,Jake Beaudry,jake beaudry,54,LB,Fr.,Finance,sidearm
Plymouth St.,Pierce Heim,pierce heim,55,DL,Sr.,Biology,sidearm
Plymouth St.,Dylan Kudym,dylan kudym,56,DB,Fr.,Physical Therapy,sidearm
Plymouth St.,Connor Dickson,connor dickson,57,LB,Fr.,Communications and Media Studies,sidearm
Plymouth St.,Landon Murphy,landon murphy,58,LB,Fr.,Criminal Justice,sidearm
Plymouth St.,Braydon McMath,braydon mcmath,60,OL,Fr.,Physical and Health Education,sidearm
Plymouth St.,Jacob Laird,jacob laird,61,OL,Jr.,Mathematics,sidearm
Plymouth St.,Liam Macomber,liam macomber,62,OL,Fr.,Sports Management,sidearm
Plymouth St.,Anthony  Magri,anthony magri,63,OL,Fr.,Exercise and Sport Physiology,sidearm
Plymouth St.,"Nate Pickup, Jr.",nate pickup,66,DL,So.,Marketing,sidearm
Plymouth St.,Aiden Saada,aiden saada,67,DL,Fr.,Business Administration,sidearm
Plymouth St.,Jack Claeys,jack claeys,68,OL,Sr.,Marketing,sidearm
Plymouth St.,Frank Kasall,frank kasall,69,OL,Fr.,Athletic Training,sidearm
Plymouth St.,Jacob Desilets,jacob desilets,70,OL,Fr.,Criminal Justice,sidearm
Plymouth St.,Courtney Roberts,courtney roberts,71,DL,Fr.,Adventure Education,sidearm
Plymouth St.,Giovanni Maldanis-Martinez,giovanni martinez,73,OL,So.,Marketing,sidearm
Plymouth St.,Jack  McCarthy,jack mccarthy,74,OL,Fr.,Exercise and Sport Physiology,sidearm
Plymouth St.,Erik Williams,erik williams,75,K/P,Fr.,Police Studies,sidearm
Plymouth St.,Drew Dilorio,drew dilorio,76,OL,Fr.,Criminal Justice,sidearm
Plymouth St.,Jason Osborne,jason osborne,77,OL,Sr.,Business Administration,sidearm
Plymouth St.,Colton Kowalski,colton kowalski,78,OL,So.,Accounting,sidearm
Plymouth St.,Logan Murphy,logan murphy,79,OL,So.,Social Work,sidearm
Plymouth St.,Joe Reed,joe reed,80,TE,So.,Political Science,sidearm
Plymouth St.,Erik Chiappa,erik chiappa,81,WR,So.,Business,sidearm
Plymouth St.,Owen McNair,owen mcnair,82,WR,Fr.,Business,sidearm
Plymouth St.,Braeden Ayers,braeden ayers,83,WR,Fr.,Undeclared,sidearm
Plymouth St.,Noah Pasterczyk,noah pasterczyk,84,RB,So.,Sports Management,sidearm
Plymouth St.,Brendan Lynch,brendan lynch,85,TE,Jr.,Physical and Health Education,sidearm
Plymouth St.,Jake Schuff,jake schuff,86,WR,Fr.,Undeclared,sidearm
Plymouth St.,Brady DiRobbio,brady dirobbio,87,WR,Fr.,Robotics,sidearm
Plymouth St.,Connor Adams,connor adams,88,TE,Jr.,Marketing,sidearm
Plymouth St.,Brendan MacPhee,brendan macphee,89,WR,Fr.,Criminal Justice,sidearm
Plymouth St.,Shane McCormick,shane mccormick,90,DL,Jr.,"Finance, Accounting",sidearm
Plymouth St.,Jacob Daigle,jacob daigle,91,DL,Jr.,Business,sidearm
Plymouth St.,Ryan Bryant,ryan bryant,92,K/P,Fr.,Cyber Security,sidearm
Plymouth St.,Seamus Ross,seamus ross,92,K/P,Jr.,Sports Management,sidearm
Plymouth St.,Jack Hashem,jack hashem,93,DL,So.,Undeclared,sidearm
Plymouth St.,Massimo Puddu,massimo puddu,94,K/P,So.,Business Administration,sidearm
Plymouth St.,Alex Figueroa,alex figueroa,95,TE,So.,Business Marketing,sidearm
Plymouth St.,Joe Cabanita,joe cabanita,97,K/P,Fr.,Sports Management,sidearm
Plymouth St.,Joe Marascio,joe marascio,97,K/P,So.,Business Administration,sidearm
Plymouth St.,Gage Berry,gage berry,98,DL,Fr.,Business,sidearm
Plymouth St.,Jimmy Nelson,jimmy nelson,99,DL,Fr.,Criminal Justice,sidearm
Dean,Dylan Cobb,dylan cobb,0,LB,Fy.,,sidearm
Dean,Jomar Lopes,jomar lopes,0,WR,Fy.,,sidearm
Dean,Darrion Kimball,darrion kimball,1,WR,Sr.,Marketing,sidearm
Dean,Jamal Palmer,jamal palmer,1,DB,So.,,sidearm
Dean,Tay Sholtz,tay sholtz,2,WR,So.,,sidearm
Dean,Jah'mir Walker,jahmir walker,2,DB,Fy.,,sidearm
Dean,Da'Qwon Foster,daqwon foster,3,WR,Sr.,Athletic Coaching and Recreation Management,sidearm
Dean,Shane Maupin,shane maupin,3,DL,Fy.,,sidearm
Dean,Jay Butler,jay butler,4,WR,Fy.,,sidearm
Dean,Von Pemberton,von pemberton,4,LB,Sr.,Sport Management,sidearm
Dean,Chris Donohue,chris donohue,5,QB,Sr.,,sidearm
Dean,AJ Newman,aj newman,5,LB,Fy.,,sidearm
Dean,Vonte Burke,vonte burke,6,DB,So.,,sidearm
Dean,Josiah Morales,josiah morales,6,QB,Sr.,Exercise Science,sidearm
Dean,Dante Dicks,dante dicks,7,DB,Sr.,Sport Management,sidearm
Dean,Yasir Moses,yasir moses,7,RB,So.,,sidearm
Dean,J'Shaun Reddin,jshaun reddin,8,QB,So.,,sidearm
Dean,Chris Testa,chris testa,8,DB,So.,,sidearm
Dean,Gabe Fraga,gabe fraga,9,QB,So.,,sidearm
Dean,Zayvion Stanley,zayvion stanley,9,DL,Sr.,,sidearm
Dean,Tye Davis,tye davis,10,DB,Fy.,,sidearm
Dean,Spencer Ferullo,spencer ferullo,11,WR,Sr.,,sidearm
Dean,Nick Levine,nick levine,12,QB,Sr.,Sport Management,sidearm
Dean,Jonas Petrokansky,jonas petrokansky,13,WR,Jr.,,sidearm
Dean,Nyrel Norris,nyrel norris,14,WR/QB,So.,,sidearm
Dean,Chris Carter,chris carter,15,LB/DB,So.,,sidearm
Dean,Colin Brady,colin brady,16,DB,So.,Marketing,sidearm
Dean,Connor Schipritt,connor schipritt,17,QB,Fy.,,sidearm
Dean,Brennan O'Brien,brennan obrien,18,TE,So.,,sidearm
Dean,Bryson Evans,bryson evans,19,WR,Fy.,,sidearm
Dean,Malachi Hayes,malachi hayes,20,WR/RB,Fy.,,sidearm
Dean,Adam Chisari,adam chisari,21,RB,Fy.,,sidearm
Dean,Jason Turcios,jason turcios,22,WR,Fy.,,sidearm
Dean,Rassian Williams,rassian williams,23,DB,Fy.,,sidearm
Dean,Jadien Walker,jadien walker,24,LB/DL,Fy.,,sidearm
Dean,Ulysses Lopez-King,ulysses king,25,LB,Jr.,Exercise Science,sidearm
Dean,Justin Gomez,justin gomez,26,DB,Fy.,,sidearm
Dean,Dre Chaney,dre chaney,27,WR,Fy.,,sidearm
Dean,Cameron Holloman,cameron holloman,28,DB/RB,Fy.,,sidearm
Dean,Matt Cordaro,matt cordaro,29,DB,Fy.,,sidearm
Dean,Addison Brown,addison brown,30,DB/LB,So.,,sidearm
Dean,Taj Byrd-Breazeale,taj breazeale,31,RB,Fy.,,sidearm
Dean,Herman Esquivel Mendez,herman mendez,33,LB,Sr.,Sport Management,sidearm
Dean,Arion Walkup,arion walkup,34,DB,Fy.,,sidearm
Dean,Yandel Diaz,yandel diaz,35,RB,Fy.,,sidearm
Dean,Ethan Richards,ethan richards,37,DB,Jr.,Sports Broadcasting,sidearm
Dean,Koshown Dempsey,koshown dempsey,41,DL,Sr.,Sport Management/Sports Broadcasting,sidearm
Dean,Mar Smith,mar smith,42,LB,So.,Business Management,sidearm
Dean,Emmett Sheehan,emmett sheehan,43,DB,Fy.,,sidearm
Dean,Aviren Chitpaseuth,aviren chitpaseuth,44,LB,Fy.,,sidearm
Dean,Jason Noble,jason noble,47,K/P,Fy.,,sidearm
Dean,Ethan Suzedelis,ethan suzedelis,48,LB,Fy.,,sidearm
Dean,Noah Benzant,noah benzant,50,OL,So.,,sidearm
Dean,Kesley Cadet,kesley cadet,52,DL/LB,So.,,sidearm
Dean,Derek Watson,derek watson,53,DL/OL,Fy.,,sidearm
Dean,Dillon West,dillon west,54,LB/DL,Jr.,,sidearm
Dean,Antonio Crank,antonio crank,55,DL,Fy.,,sidearm
Dean,Braeden Hadley,braeden hadley,56,DL,Fy.,,sidearm
Dean,Brad Walker,brad walker,58,LB,Sr.,Sport Management,sidearm
Dean,Shane Mahan,shane mahan,61,DL,So.,,sidearm
Dean,Parker Sipos,parker sipos,62,OL,Jr.,,sidearm
Dean,Alex Dobson,alex dobson,64,OL,Jr.,,sidearm
Dean,Santino Ferrante,santino ferrante,73,OL,Jr.,,sidearm
Dean,Sean Delen,sean delen,74,OL,Fy.,,sidearm
Dean,Connor Burson,connor burson,75,OL,Jr.,,sidearm
Dean,Shawn Pierre,shawn pierre,76,OL,Fy.,,sidearm
Dean,Hunter Bowen,hunter bowen,78,OL,Fy.,,sidearm
Dean,Evan Coates,evan coates,79,OL,Fy.,,sidearm
Dean,Trystin Chadwick,trystin chadwick,81,TE,Fy.,,sidearm
Dean,Rex Boateng,rex boateng,84,WR,Fy.,,sidearm
Dean,Tomas Karasik,tomas karasik,85,WR,Fy.,,sidearm
Dean,Jimmy Colwell,jimmy colwell,87,TE,Jr.,,sidearm
Dean,John Harrison III,john harrison,88,WR,Fy.,,sidearm
Dean,JoJo Lopez,jojo lopez,90,DL,Fy.,,sidearm
Dean,Matthew Srabian,matthew srabian,95,DL,Fy.,,sidearm
Dean,Raul Leon,raul leon,97,DB,Sr.,Criminal Justice and Homeland Security,sidearm
Mass.-Dartmouth,Jayson Dyer,jayson dyer,0,Running Back RB,Fr.,Business,sidearm
Mass.-Dartmouth,Effrem Gnepo,effrem gnepo,0,Defensive Lineman DL,So.,Undeclared,sidearm
Mass.-Dartmouth,Owen Dunker,owen dunker,1,Defensive Edge DE,Sr.,Finance,sidearm
Mass.-Dartmouth,Jayden Francois,jayden francois,1,Wide Receiver WR,So.,Business,sidearm
Mass.-Dartmouth,Bryant Lopes,bryant lopes,2,Defensive Back DB,Sr.,Business Administration,sidearm
Mass.-Dartmouth,Mekhi Wilson,mekhi wilson,2,Running Back RB,Sr.,Communications,sidearm
Mass.-Dartmouth,Anthony Diakite,anthony diakite,3,Defensive Back DB,So.,Crime & Justice Studies,sidearm
Mass.-Dartmouth,Julius Martinez,julius martinez,3,Wide Receiver WR,So.,Undeclared,sidearm
Mass.-Dartmouth,Logan Gelinas,logan gelinas,4,Quarterback QB,So.,Criminal Justice,sidearm
Mass.-Dartmouth,Xavier Lopes,xavier lopes,4,Defensive Back DB,Sr.,Business Administration,sidearm
Mass.-Dartmouth,Patrick Cranson,patrick cranson,5,Wide Receiver WR,So.,Business,sidearm
Mass.-Dartmouth,Abdul Kareem,abdul kareem,5,Defensive Edge DE,Jr.,Mechanical Engineering,sidearm
Mass.-Dartmouth,Matteo Pina,matteo pina,6,Defensive Back DB,Jr.,Economics,sidearm
Mass.-Dartmouth,Ty Pindel,ty pindel,6,Quarterback QB,Fr.,Business,sidearm
Mass.-Dartmouth,Kenimar Noel,kenimar noel,7,Linebacker LB,So.,Engineering,sidearm
Mass.-Dartmouth,JC Petrongolo,jc petrongolo,7,Quarterback QB,Sr.,Engineering,sidearm
Mass.-Dartmouth,Jamaury Barr,jamaury barr,8,Wide Receiver WR,Jr.,Marketing,sidearm
Mass.-Dartmouth,Dylan Lykins,dylan lykins,8,Linebacker LB,Jr.,Mechanical Engineering,sidearm
Mass.-Dartmouth,Luke DeLangie,luke delangie,9,Tight End TE,Jr.,Civil Engineering,sidearm
Mass.-Dartmouth,Dwayne Julius,dwayne julius,9,Defensive Back DB,So.,Business,sidearm
Mass.-Dartmouth,Jayden DaCruz,jayden dacruz,10,Linebacker LB,Jr.,Undeclared,sidearm
Mass.-Dartmouth,KinKade Rubino,kinkade rubino,10,Wide Receiver WR,Jr.,Marketing,sidearm
Mass.-Dartmouth,Lucas Figueiredo,lucas figueiredo,11,Defensive Lineman DL,So.,Civil Engineering,sidearm
Mass.-Dartmouth,Derek Lopes,derek lopes,11,Wide Receiver WR,Jr.,Engineering,sidearm
Mass.-Dartmouth,Jackson Hart,jackson hart,12,Quarterback QB,So.,Business,sidearm
Mass.-Dartmouth,Diego  Tavares,diego tavares,12,Defensive Back DB,So.,Supply Chain Management,sidearm
Mass.-Dartmouth,Markus Andrews,markus andrews,13,Wide Receiver WR,So.,Marketing,sidearm
Mass.-Dartmouth,Daniel Knowlton,daniel knowlton,13,Defensive Back DB,Sr.,Accounting,sidearm
Mass.-Dartmouth,Karter Dickerson,karter dickerson,14,Quarterback QB,Fr.,Undeclared,sidearm
Mass.-Dartmouth,Shane  Longin,shane longin,14,Defensive Back DB,Sr.,Accounting,sidearm
Mass.-Dartmouth,Conner Robidoux,conner robidoux,15,Defensive Back DB,Sr.,Nursing,sidearm
Mass.-Dartmouth,Norman Soullier,norman soullier,15,Wide Receiver WR,So.,Undeclared,sidearm
Mass.-Dartmouth,James Barnicle,james barnicle,16,Defensive Back DB,Fr.,Psychology,sidearm
Mass.-Dartmouth,Will Porter,will porter,16,Wide Receiver WR,So.,Computer Science,sidearm
Mass.-Dartmouth,Andres Gibbs,andres gibbs,17,Defensive Back DB,So.,Health and Society,sidearm
Mass.-Dartmouth,Branden Schenck,branden schenck,17,Tight End TE,Sr.,Business Management,sidearm
Mass.-Dartmouth,Leland Kelleher,leland kelleher,18,Running Back RB,So.,Undeclared,sidearm
Mass.-Dartmouth,Nick Wood,nick wood,18,Defensive Edge DE,So.,Business,sidearm
Mass.-Dartmouth,Jaylon Phifer,jaylon phifer,19,Defensive Edge DE,Jr.,Sociology,sidearm
Mass.-Dartmouth,Peter Popowich,peter popowich,19,Wide Receiver WR,Gr.,Data Science,sidearm
Mass.-Dartmouth,Sam Joseph,sam joseph,20,Linebacker LB,Jr.,Undeclared,sidearm
Mass.-Dartmouth,Chris Soto,chris soto,20,Running Back RB,Fr.,Business,sidearm
Mass.-Dartmouth,John  Brevil,john brevil,21,Defensive Back DB,So.,Civil Engineering,sidearm
Mass.-Dartmouth,Christian Morales,christian morales,21,Running Back RB,So.,Business,sidearm
Mass.-Dartmouth,Jay Cahow,jay cahow,22,Wide Receiver WR,So.,Pre-Engineering,sidearm
Mass.-Dartmouth,Prince Woods,prince woods,22,Defensive Back DB,So.,Computer Engineering,sidearm
Mass.-Dartmouth,Julien Bush,julien bush,23,Defensive Edge DE,Jr.,Mechanical Engineering,sidearm
Mass.-Dartmouth,Carlos Cruz,carlos cruz,23,Running Back RB,So.,Interior Architecture,sidearm
Mass.-Dartmouth,Bernardo Bannis,bernardo bannis,24,Linebacker LB,Fr.,Undeclared,sidearm
Mass.-Dartmouth,Antoine Williams,antoine williams,24,Running Back RB,Fr.,Psychology,sidearm
Mass.-Dartmouth,Zymari Bailey,zymari bailey,25,Linebacker LB,Fr.,Business,sidearm
Mass.-Dartmouth,Danny Cummings,danny cummings,25,Defensive Lineman DL,Sr.,Crime and Justice,sidearm
Mass.-Dartmouth,Marvins Antoine,marvins antoine,26,Running Back RB,Fr.,Undeclared,sidearm
Mass.-Dartmouth,Ben Tran,ben tran,26,Linebacker LB,Jr.,Health and Society,sidearm
Mass.-Dartmouth,Dan Lawrence,dan lawrence,27,Defensive Back DB,Fr.,Cybersecurity,sidearm
Mass.-Dartmouth,Connor McManus,connor mcmanus,27,Kicker/Punter K/P,Jr.,Business,sidearm
Mass.-Dartmouth,Christian Acosta,christian acosta,28,Defensive Back DB,Fr.,Communications,sidearm
Mass.-Dartmouth,Curtis  Briggs,curtis briggs,28,Running Back RB,Fr.,Business,sidearm
Mass.-Dartmouth,Gavin Butterfield,gavin butterfield,29,Defensive Back DB,Fr.,Civil Engineering,sidearm
Mass.-Dartmouth,Gabriel Luperon-Flecha,gabriel flecha,29,Running Back RB,So.,Finance,sidearm
Mass.-Dartmouth,Tyler Gardner-Harris,tyler harris,30,Linebacker LB,Fr.,Business,sidearm
Mass.-Dartmouth,Jahnari Jackson,jahnari jackson,31,Defensive Back DB,Fr.,Business,sidearm
Mass.-Dartmouth,Thaddeus Bloomfield,thaddeus bloomfield,32,Linebacker LB,So.,Civil Engineering,sidearm
Mass.-Dartmouth,Sulei Haji,sulei haji,33,Defensive Lineman DL,Fr.,Management,sidearm
Mass.-Dartmouth,Kavonni  Daniels,kavonni daniels,34,Defensive Edge DE,So.,Physiology,sidearm
Mass.-Dartmouth,Jaden Edwards,jaden edwards,35,Defensive Back DB,Jr.,Accounting,sidearm
Mass.-Dartmouth,Terry Monnely,terry monnely,36,Defensive Back DB,Fr.,Finance,sidearm
Mass.-Dartmouth,Orville Ferguson,orville ferguson,37,Linebacker LB,Fr.,Civil Engineering,sidearm
Mass.-Dartmouth,Tyler Jonte,tyler jonte,38,Defensive Edge DE,So.,Finance,sidearm
Mass.-Dartmouth,Ricardo Molinary,ricardo molinary,39,Defensive Back DB,Fr.,College Now,sidearm
Mass.-Dartmouth,Dana Corliss,dana corliss,40,Linebacker LB,Fr.,Crime & Justice Studies,sidearm
Mass.-Dartmouth,Adrian Rampino,adrian rampino,41,Defensive Edge DE,Fr.,Civil Engineering,sidearm
Mass.-Dartmouth,Lucca Peres,lucca peres,42,Defensive Edge DE,Jr.,Civil Engineering,sidearm
Mass.-Dartmouth,Haggai Joseph,haggai joseph,43,Linebacker LB,So.,Electrical Engineering,sidearm
Mass.-Dartmouth,Wilderson Lafortune,wilderson lafortune,44,Defensive Lineman DL,So.,Finance,sidearm
Mass.-Dartmouth,David Perez,david perez,44,Defensive Lineman DL,Fr.,College Now,sidearm
Mass.-Dartmouth,Connor Bloom,connor bloom,45,Kicker/Punter K/P,Jr.,Business,sidearm
Mass.-Dartmouth,Shalom Kyei,shalom kyei,46,Linebacker LB,Fr.,Mechanical Engineering,sidearm
Mass.-Dartmouth,JoJo Sadia,jojo sadia,47,Linebacker LB,So.,General Business Administration,sidearm
Mass.-Dartmouth,Logan Peterson,logan peterson,48,Long Snapper LS,So.,Crime & Justice Studies,sidearm
Mass.-Dartmouth,Anthony Saccone,anthony saccone,48,Linebacker LB,Fr.,Civil Engineering,sidearm
Mass.-Dartmouth,Tyler Alexander,tyler alexander,49,Defensive Edge DE,Fr.,Undeclared,sidearm
Mass.-Dartmouth,Donovan  Turner,donovan turner,50,Defensive Edge DE,Jr.,Political Science,sidearm
Mass.-Dartmouth,Cole Mirka,cole mirka,51,Defensive Edge DE,Fr.,Engineering,sidearm
Mass.-Dartmouth,Luis Santos,luis santos,52,Offensive Lineman OL,Sr.,Computer Science,sidearm
Mass.-Dartmouth,Robert Tannenbaum,robert tannenbaum,53,Defensive Edge DE,Fr.,Business,sidearm
Mass.-Dartmouth,Nate Gravelle,nate gravelle,54,Offensive Lineman OL,Fr.,Engineering,sidearm
Mass.-Dartmouth,Ezrah  Hatcher,ezrah hatcher,55,Offensive Lineman OL,Sr.,Mechanical Engineering,sidearm
Mass.-Dartmouth,Travis Gardner-Harris,travis harris,56,Offensive Lineman OL,Fr.,Business,sidearm
Mass.-Dartmouth,Sebastian  Perez,sebastian perez,57,Offensive Lineman OL,Sr.,Crime and Justice,sidearm
Mass.-Dartmouth,Oli Dede,oli dede,58,Tight End TE,Sr.,Business,sidearm
Mass.-Dartmouth,Anthony Perez-Ventura,anthony ventura,59,Offensive Lineman OL,Fr.,Nursing,sidearm
Mass.-Dartmouth,Ronald Annis,ronald annis,60,Offensive Lineman OL,Fr.,Business,sidearm
Mass.-Dartmouth,Jaymani Ayuso,jaymani ayuso,61,Offensive Lineman OL,Fr.,Crime & Justice Studies,sidearm
Mass.-Dartmouth,Cameron Griffey,cameron griffey,62,Offensive Lineman OL,So.,Biology,sidearm
Mass.-Dartmouth,Cayden Blaschik,cayden blaschik,63,Offensive Lineman OL,Jr.,Mechanical Engineering,sidearm
Mass.-Dartmouth,Timothy  Zibrida,timothy zibrida,64,Offensive Lineman OL,Jr.,Civil Engineering,sidearm
Mass.-Dartmouth,Jasper Chakouian,jasper chakouian,65,Tight End TE,Jr.,Biology,sidearm
Mass.-Dartmouth,Vernon Charles,vernon charles,66,Offensive Lineman OL,Fr.,Biology,sidearm
Mass.-Dartmouth,Joel Rivera,joel rivera,67,Offensive Lineman OL,Fr.,Business,sidearm
Mass.-Dartmouth,Chris Young,chris young,68,Offensive Lineman OL,Fr.,Engineering,sidearm
Mass.-Dartmouth,Tyrell Harris,tyrell harris,70,Offensive Lineman OL,So.,Undeclared,sidearm
Mass.-Dartmouth,Henry Morse,henry morse,71,Offensive Lineman OL,So.,Business,sidearm
Mass.-Dartmouth,Patrick Sennott,patrick sennott,72,Offensive Lineman OL,Sr.,History,sidearm
Mass.-Dartmouth,Aiden Joseph,aiden joseph,74,Offensive Lineman OL,So.,Finance,sidearm
Mass.-Dartmouth,Saint Eriq Adianawo,saint adianawo,75,Offensive Lineman OL,Fr.,Business,sidearm
Mass.-Dartmouth,Kevin Moura,kevin moura,76,Offensive Lineman OL,Sr.,Political Science,sidearm
Mass.-Dartmouth,Brayden  Cannon,brayden cannon,77,Offensive Lineman OL,Fr.,Psychology,sidearm
Mass.-Dartmouth,Patrick Daley,patrick daley,78,Offensive Lineman OL,Sr.,Criminal Justice,sidearm
Mass.-Dartmouth,Ikenna St Marc,ikenna marc,79,Offensive Lineman OL,Fr.,Biology,sidearm
Mass.-Dartmouth,Michael Neider,michael neider,80,Wide Receiver WR,Jr.,Business,sidearm
Mass.-Dartmouth,Kensley Macean,kensley macean,81,Defensive Back DB,Fr.,Business & Engineering,sidearm
Mass.-Dartmouth,Tristen Clark,tristen clark,82,Defensive Back DB,Fr.,Marketing,sidearm
Mass.-Dartmouth,Cyair Charles,cyair charles,83,Defensive Lineman DL,So.,Management,sidearm
Mass.-Dartmouth,Toluwani Agbojo,toluwani agbojo,84,Wide Receiver WR,Fr.,Computer Science,sidearm
Mass.-Dartmouth,Masan Igisomar,masan igisomar,84,Wide Receiver WR,So.,Business,sidearm
Mass.-Dartmouth,Ish Kamara,ish kamara,85,Wide Receiver WR,So.,Business,sidearm
Mass.-Dartmouth,Isaiah  Augustus,isaiah augustus,86,Tight End TE,Sr.,Business,sidearm
Mass.-Dartmouth,Davoun Almodovar,davoun almodovar,87,Tight End TE,Fr.,Business,sidearm
Mass.-Dartmouth,Ethan Grandin,ethan grandin,88,Tight End TE,So.,Business,sidearm
Mass.-Dartmouth,Jayden Medeiros,jayden medeiros,89,Defensive Back DB,Fr.,Management,sidearm
Mass.-Dartmouth,Rockson Thapa,rockson thapa,90,Defensive Lineman DL,So.,Civil Engineering,sidearm
Mass.-Dartmouth,Jordan D'Amico,jordan damico,91,Defensive Edge DE,Sr.,Chemistry,sidearm
Mass.-Dartmouth,Daniel Cordero,daniel cordero,92,Defensive Lineman DL,Fr.,College Now,sidearm
Mass.-Dartmouth,Kobie Andino,kobie andino,93,Defensive Lineman DL,Fr.,Business - College Now,sidearm
Mass.-Dartmouth,Nadir Johnson,nadir johnson,94,Defensive Lineman DL,So.,Business,sidearm
Mass.-Dartmouth,John Marzuolo,john marzuolo,95,Linebacker LB,Fr.,Business - Marketing,sidearm
Mass.-Dartmouth,Kaleb Normil,kaleb normil,96,Defensive Lineman DL,Fr.,Civil Engineering,sidearm
Mass.-Dartmouth,Max Lisysyan,max lisysyan,97,Defensive Edge DE,Fr.,Civil Engineering,sidearm
Mass.-Dartmouth,Hayden Ford,hayden ford,98,Defensive Lineman DL,Fr.,Business,sidearm
Mass.-Dartmouth,Ancil Alexander,ancil alexander,99,Defensive Lineman DL,Jr.,Crime & Justice Studies,sidearm
Worcester St.,Aidan Breen,aidan breen,0,TE,Sr.,Liberal Studies,presto
Worcester St.,Joey Christian,joey christian,2,WR,Sr.,Business Administration,presto
Worcester St.,Will Vogel,will vogel,3,LB,Sr.,Business Management,presto
Worcester St.,Lance Williams,lance williams,4,WR,Sr.,Public Health,presto
Worcester St.,MJ Bakaysa,mj bakaysa,5,QB,Sr.,Business Administration,presto
Worcester St.,Bryan Aguilar,bryan aguilar,6,DB,Sr.,Business Administration,presto
Worcester St.,Tridell Sharpe,tridell sharpe,7,DB,Sr.,Business,presto
Worcester St.,Jermaine Norfleet Jr.,jermaine norfleet,8,RB,Sr.,Liberal Studies,presto
Worcester St.,Griffin Metcalf,griffin metcalf,9,DB,Sr.,Business,presto
Worcester St.,Noah Jodoin,noah jodoin,10,WR,Sr.,Business Administration,presto
Worcester St.,Alexander Burgos,alexander burgos,11,QB,Fy.,Elementary Education,presto
Worcester St.,Yaniel Belliard,yaniel belliard,12,QB,Fy.,Criminal Justice,presto
Worcester St.,Rhett Darrah,rhett darrah,13,QB,Jr.,Business,presto
Worcester St.,Trevin Guardarrama,trevin guardarrama,14,QB,Fy.,Biotechnology,presto
Worcester St.,Ben Klein,ben klein,15,QB,Sr./Jr.,Communication,presto
Worcester St.,DJ Leonard,dj leonard,16,DB,Jr.,Business Administration,presto
Worcester St.,Jack Poirier,jack poirier,17,WR,Jr.,Criminal Justice,presto
Worcester St.,Kellen Clarkson,kellen clarkson,18,QB,So.,Public Health,presto
Worcester St.,Joseph Derege,joseph derege,19,QB,Fy.,Business Administration,presto
Worcester St.,Ayden Davis,ayden davis,20,DB,So.,Business Administration,presto
Worcester St.,Sy'Air James,syair james,21,RB,Sr.,Criminal Justice,presto
Worcester St.,Cam Goodrich,cam goodrich,22,LB,Jr.,Criminal Justice,presto
Worcester St.,James Azzinaro,james azzinaro,23,WR,Sr.,Business,presto
Worcester St.,Gavin Hatfield,gavin hatfield,24,RB,Sr.,Business Management,presto
Worcester St.,Patrick Dowd,patrick dowd,25,DB,Jr.,Public Health,presto
Worcester St.,Damian Mitchell,damian mitchell,26,DB,Sr.,Business Marketing,presto
Worcester St.,Sam Grew,sam grew,27,RB,Jr.,Business Administration/Finance,presto
Worcester St.,John Doucette,john doucette,28,DB,So.,Business Administration,presto
Worcester St.,Joe Vasquez,joe vasquez,29,DB,Jr.,Criminal Justice,presto
Worcester St.,Jesse Moran,jesse moran,30,RB,So.,Business Administration/Political Science,presto
Worcester St.,Alfred Tennyson,alfred tennyson,31,DB,Fy.,Business,presto
Worcester St.,Trey Matthews,trey matthews,32,DB,So.,Business,presto
Worcester St.,DJ Gordon,dj gordon,33,DB,Jr.,Business Administration,presto
Worcester St.,Carter Maple,carter maple,34,LB/DB,Fy.,Undecided,presto
Worcester St.,TreChaun Days,trechaun days,35,RB/WR,Fy.,Liberal Studies,presto
Worcester St.,Marques Paul-Williams,marques williams,36,LB,So.,Criminal Justice,presto
Worcester St.,Ali Kalle,ali kalle,37,RB,Fy.,Criminal Justice,presto
Worcester St.,Seba Dumoulin,seba dumoulin,38,LB,So.,Psychology,presto
Worcester St.,Troy Rudder,troy rudder,39,DB,Fy.,Business,presto
Worcester St.,Chris Cettie,chris cettie,40,DB,Jr./Fy.,Computer Science,presto
Worcester St.,Nixon Deleon,nixon deleon,41,RB/WR,Fy.,Business Administration,presto
Worcester St.,Jospeh Campbell,jospeh campbell,43,LB,So.,Biology,presto
Worcester St.,Tommy DeSimone,tommy desimone,44,LB,Fy.,Undecided,presto
Worcester St.,Tyren Hoeun,tyren hoeun,45,RB,Fy.,Public Health,presto
Worcester St.,Vinny Pino,vinny pino,48,LB,Fy.,Business Administration,presto
Worcester St.,Miguerson Renelus,miguerson renelus,49,LB,So.,Public Health,presto
Worcester St.,Heyttor Nunes,heyttor nunes,50,DL,Jr./So.,Criminal Justice,presto
Worcester St.,Connor Fougere,connor fougere,51,TE/LB,Fy.,Criminal Justice,presto
Worcester St.,Brian Melendez,brian melendez,52,LB,Sr.,Business Administration,presto
Worcester St.,Matthew Pinto,matthew pinto,54,RB/LB,Fy.,Criminal Justice,presto
Worcester St.,Jio Roman,jio roman,55,DL,Sr.,Criminal Justice,presto
Worcester St.,CJ Wright,cj wright,56,OL/DL,Fy.,Secondary Education,presto
Worcester St.,Jaiden Timoleon,jaiden timoleon,57,LB,Fy.,Business Management,presto
Worcester St.,Kenny Duperval,kenny duperval,58,OL,Fy.,Finance,presto
Worcester St.,Jayden Pridgen,jayden pridgen,62,DL,Jr.,History,presto
Worcester St.,Ivan Bardales Diaz,ivan diaz,65,OL,So.,Criminal Justice,presto
Worcester St.,Oscar Alvarez,oscar alvarez,68,OL,So.,Business,presto
Worcester St.,Jay Beauzil,jay beauzil,70,OL/DL,So.,Business Administration,presto
Worcester St.,Kellan Rahming,kellan rahming,71,OL,Sr.,Business Administration,presto
Worcester St.,Tony Sforza,tony sforza,72,OL,Sr.,Criminal Justice,presto
Worcester St.,Cameron Olivo,cameron olivo,75,OL,Fy.,Business Administration,presto
Worcester St.,Gavin Delgado,gavin delgado,77,OL,Jr.,Criminal Justice,presto
Worcester St.,Jayden Wetherbee,jayden wetherbee,79,OL,Jr.,Criminal Justice,presto
Worcester St.,Dominic DoCanto,dominic docanto,80,WR,Fy.,Business Administration,presto
Worcester St.,Sebastian Rios,sebastian rios,81,K/P,Fy.,Business Administration,presto
Worcester St.,Thomas Lawton,thomas lawton,82,WR,Fy.,Business Administration,presto
Worcester St.,Kevin DiMuzio,kevin dimuzio,83,WR,Fy.,Business Administration,presto
Worcester St.,Griffin Kiniry,griffin kiniry,84,WR/P,Sr.,Educational Studies,presto
Worcester St.,Evan Cook,evan cook,85,WR,So.,Nursing,presto
Worcester St.,Tre'Son Meuse,treson meuse,86,RB/WR,Fy.,Undecided,presto
Worcester St.,Malcom Oratokhai,malcom oratokhai,90,DL,Fy.,Criminal Justice,presto
Worcester St.,Bj Pile,bj pile,91,DL,Fy.,Biology and Pharmacy,presto
Worcester St.,Edwin Blas,edwin blas,97,DL,Jr./So.,Psychology,presto
Worcester St.,Bobby Wright,bobby wright,99,DL,Jr./So.,Digital Media Production,presto
Framingham St.,Amari Williams,amari williams,0,DB,Sr,Marketing,presto
Framingham St.,Devine Johnson,devine johnson,1,CB,Sr,Communication Arts,presto
Framingham St.,Treyvon Fields,treyvon fields,2,DB,Jr,Accounting,presto
Framingham St.,Jarvin Simon,jarvin simon,3,RB,Sr,Business &amp; IT,presto
Framingham St.,James Wilder,james wilder,3,S,Jr,Health &amp; Wellness,presto
Framingham St.,Nick Quintina,nick quintina,4,LB,Sr,Criminology,presto
Framingham St.,Adrian Sarrette,adrian sarrette,4,WR,Jr,Sports Management,presto
Framingham St.,Khalil Erazo,khalil erazo,5,DB,Sr,Sports Management,presto
Framingham St.,Ezana Zemene,ezana zemene,5,WR,Jr,Management,presto
Framingham St.,Josiah Mitchell,josiah mitchell,6,DB,Sr,Management,presto
Framingham St.,Tyrese Herring,tyrese herring,7,LB,Jr,Finance,presto
Framingham St.,Alex Maia,alex maia,7,WR,Sr,Business &amp; IT,presto
Framingham St.,Mathias Fowler,mathias fowler,8,WR,Sr,Marketing,presto
Framingham St.,Zimari Omosefe,zimari omosefe,8,LB,So,Criminology,presto
Framingham St.,Ty Kelley,ty kelley,9,WR,Jr,Marketing,presto
Framingham St.,Anthony Gerrior,anthony gerrior,10,QB,So,Criminology,presto
Framingham St.,Isaac Stubbs,isaac stubbs,10,LB,So,Marketing,presto
Framingham St.,Ayden Ramirez,ayden ramirez,11,WR,Sr,Finance,presto
Framingham St.,Tyrell Fuller,tyrell fuller,12,DB,Jr,Health &amp; Wellness,presto
Framingham St.,Stephen Gallant,stephen gallant,13,WR,Sr,Studio Art,presto
Framingham St.,Sebastien Guillaume,sebastien guillaume,14,WR,Jr,Finance,presto
Framingham St.,Ransford Adri,ransford adri,15,RB/QB,So,Management,presto
Framingham St.,Michael Marcucella,michael marcucella,16,QB,So,Accounting,presto
Framingham St.,Nick Farley,nick farley,17,WR,Jr,Health &amp; Wellness,presto
Framingham St.,Jelon King,jelon king,18,QB,Fr,Biology,presto
Framingham St.,Zion Jackson,zion jackson,19,DB,So,Psychology,presto
Framingham St.,Darenn Duclas,darenn duclas,21,DB,So,Finance,presto
Framingham St.,Max Whiting,max whiting,21,DB,So,Management,presto
Framingham St.,Derick Coulanges,derick coulanges,22,DB,Jr,Criminology,presto
Framingham St.,Jeremiah Elie,jeremiah elie,23,DE,So,Psychology,presto
Framingham St.,Rovens Jean-Baptiste,rovens baptiste,24,HB,So,Management,presto
Framingham St.,Xavier Beauchamp,xavier beauchamp,25,RB,Fr,Health &amp; Wellness,presto
Framingham St.,Makoto Uchikawa,makoto uchikawa,26,RB,Jr,Sports Management,presto
Framingham St.,John Gucciardi,john gucciardi,27,LB,So,Criminology,presto
Framingham St.,Julius Patterson,julius patterson,28,DB,Fr,Accounting,presto
Framingham St.,Nicholas Whitingham,nicholas whitingham,29,DB,So,Undeclared,presto
Framingham St.,Lawrence Smith,lawrence smith,30,RB,Fr,Undeclared,presto
Framingham St.,Justin Outlow,justin outlow,31,DB,Fr,Management,presto
Framingham St.,Turnbull Sturgis,turnbull sturgis,32,LB,Sr,Psychology,presto
Framingham St.,Dom Sobers,dom sobers,33,LB,Fr,Management,presto
Framingham St.,Korrey Barron,korrey barron,34,DL,Jr,Health &amp; Wellness,presto
Framingham St.,Philip Parizeau,philip parizeau,35,DB,Fr,Management,presto
Framingham St.,Jordan Cabbagestalk,jordan cabbagestalk,36,DL,So,Psychology,presto
Framingham St.,Nicholas Bilides,nicholas bilides,37,DB,Fr,Management,presto
Framingham St.,Arthur de Barros,arthur barros,38,K,Fr,Management,presto
Framingham St.,Victor Flores,victor flores,39,DB,Fr,Management,presto
Framingham St.,Isaac Castillo,isaac castillo,40,DB,So,Management,presto
Framingham St.,Sahkai Barnes,sahkai barnes,41,RB,So,Criminology,presto
Framingham St.,Jeff Alisauskas,jeff alisauskas,42,RB,Jr,Criminology,presto
Framingham St.,Chad Harris,chad harris,43,LB,Jr,Criminology,presto
Framingham St.,Colin McGough,colin mcgough,44,DB,Fr,Management,presto
Framingham St.,Melvon Crump,melvon crump,45,DB,Jr,Psychology,presto
Framingham St.,Amare Fortes,amare fortes,47,DB,Fr,Management,presto
Framingham St.,Kayden Doubleday,kayden doubleday,50,DL,Fr,Undeclared,presto
Framingham St.,Luke Wile,luke wile,51,LB,Fr,Criminology,presto
Framingham St.,Jailen Givins-Osafo,jailen osafo,52,DL,Fr,Pre-Engineering,presto
Framingham St.,Giovanni Carvalho,giovanni carvalho,53,OL,Fr,Criminology,presto
Framingham St.,Tucker Moody,tucker moody,54,LB,Fr,Psychology,presto
Framingham St.,Brandon Snyder,brandon snyder,54,P,Fr,Accounting,presto
Framingham St.,Theo Clark,theo clark,55,OL,Fr,Pre-Engineering,presto
Framingham St.,Damon Uva,damon uva,55,DE,Fr,Management,presto
Framingham St.,Joshua Louis,joshua louis,56,OL,So,Management,presto
Framingham St.,Gus Speight,gus speight,57,LB,Fr,Undeclared,presto
Framingham St.,Gabe Grzyboski,gabe grzyboski,58,DE,Jr,Finance,presto
Framingham St.,Jaquin Fahnbulleh,jaquin fahnbulleh,59,DB,Jr,Management,presto
Framingham St.,Tyler Holland,tyler holland,60,OL,So,Pre-Dental,presto
Framingham St.,Collin Harris,collin harris,61,OL,Fr,Communication Arts,presto
Framingham St.,Akiel Halliday,akiel halliday,63,OL,Fr,Accounting,presto
Framingham St.,Armyi Hardy,armyi hardy,65,OL,Jr,Business &amp; IT,presto
Framingham St.,Garnet Bululu,garnet bululu,66,DL,So,Sports Management,presto
Framingham St.,Jayvon Tessier,jayvon tessier,67,OL,Jr,Management,presto
Framingham St.,Nigel Ampomah,nigel ampomah,69,OL,Fr,Entrepreneurship,presto
Framingham St.,Antonio Hernandez,antonio hernandez,70,OL,Fr,Political Science,presto
Framingham St.,Dylan Burdick,dylan burdick,71,OL,Jr,Criminology,presto
Framingham St.,Richard O'Neil,richard oneil,72,OL,So,Management,presto
Framingham St.,Jayden Seale,jayden seale,73,OL,Fr,Management,presto
Framingham St.,Shaun Driscoll,shaun driscoll,75,OL,So,Management,presto
Framingham St.,Jacoby Lorente,jacoby lorente,76,OL,Fr,Health &amp; Wellness,presto
Framingham St.,Nathan Berthony,nathan berthony,77,OL,So,Management,presto
Framingham St.,Juan Perez,juan perez,78,OL,Fr,International Business,presto
Framingham St.,Aidan Joffre,aidan joffre,79,OL,So,Psychology,presto
Framingham St.,Malikai McClure,malikai mcclure,80,WR,Fr,Health &amp; Wellness,presto
Framingham St.,Floyd White,floyd white,82,WR,Fr,Management,presto
Framingham St.,Nureini Mohamed,nureini mohamed,84,WR,Jr,Sports Management,presto
Framingham St.,Dakari Eady,dakari eady,85,WR,Jr,Sports Management,presto
Framingham St.,Andres Laureano Baez,andres baez,86,WR,Fr,Pre-Medicine,presto
Framingham St.,Mason Morris,mason morris,87,TE,So,Communication Arts,presto
Framingham St.,Timothy Vadnais,timothy vadnais,88,TE,Jr,Management,presto
Framingham St.,Doodley Pierre,doodley pierre,90,DE,Fr,Finance,presto
Framingham St.,Jorgeluis Morales,jorgeluis morales,92,DL,Jr,Management,presto
Framingham St.,Abdi Haji,abdi haji,93,DT,So,Psychology,presto
Framingham St.,AJ Largaespada,aj largaespada,94,DE,So,Marketing,presto
Framingham St.,Isaac Bony,isaac bony,95,DE,Fr,Finance,presto
Framingham St.,Raymond Gaddah,raymond gaddah,97,DT,Fr,Criminology,presto
Framingham St.,Christopher Islain,christopher islain,99,DT,So,Marketing,presto
Fitchburg St.,Camren Topkin,camren topkin,0,LB,Gr.,Education Studies,presto
Fitchburg St.,Jacey Ham,jacey ham,1,WR,Sr.,Business,presto
Fitchburg St.,Andrew Novak,andrew novak,2,DB,Sr.,Economics,presto
Fitchburg St.,Brian Holmes,brian holmes,3,DB,So.,Business,presto
Fitchburg St.,Emilio Cabey,emilio cabey,4,WR,Jr.,Criminal Justice,presto
Fitchburg St.,Nathan Lane,nathan lane,5,DB,Jr.,Accounting,presto
Fitchburg St.,Dasha Domercant,dasha domercant,6,QB,Jr.,Business Administration,presto
Fitchburg St.,Reshawn Stewart,reshawn stewart,7,RB,Sr.,Graphic Design,presto
Fitchburg St.,Luke Thompson,luke thompson,8,QB/TE,Gr.,MBA Marketing,presto
Fitchburg St.,Dexter Brown,dexter brown,9,DL,Sr.,Business Management,presto
Fitchburg St.,Peter Norton,peter norton,10,WR,Sr.,Accounting,presto
Fitchburg St.,Devin Lebron,devin lebron,11,QB,Sr.,Business Management,presto
Fitchburg St.,Kyree Egerton,kyree egerton,12,WR,Sr.,Construction Management,presto
Fitchburg St.,Jaiden Williams,jaiden williams,13,WR,So.,Criminal Justice,presto
Fitchburg St.,Di'Angelo Jean-Pierre,diangelo pierre,15,WR,Jr.,Business,presto
Fitchburg St.,Michael Galligan,michael galligan,17,QB,So.,Business,presto
Fitchburg St.,Andrew Gendron,andrew gendron,18,TE,Sr.,History,presto
Fitchburg St.,Amari Blake,amari blake,19,WR,Jr.,Business Administration,presto
Fitchburg St.,Austin Lasseter,austin lasseter,20,DB,Jr.,Criminal Justice,presto
Fitchburg St.,Jonathan Williamson,jonathan williamson,21,RB,So.,Undecided,presto
Fitchburg St.,Emmanuel Cano,emmanuel cano,22,DB,Sr.,Construction Management,presto
Fitchburg St.,Matthew Grenier,matthew grenier,23,LB,So.,Criminal Justice,presto
Fitchburg St.,Oriowokite Fatoke,oriowokite fatoke,24,RB,Sr.,Nursing,presto
Fitchburg St.,Israel DeJesus,israel dejesus,25,LB,So.,Business Administration,presto
Fitchburg St.,Tyler Sanders,tyler sanders,26,RB,So.,Elementary Education,presto
Fitchburg St.,Daniel Estremera IV,daniel estremera,27,OLB,So.,Exercise and Sports Science,presto
Fitchburg St.,Janderick Qui&ntilde;ones,janderick qui&ntilde;ones,29,RB,Jr.,Exercise and Sports Science,presto
Fitchburg St.,Guymonley Dorce,guymonley dorce,30,DB,So.,Construction Management,presto
Fitchburg St.,Trayvon Lawson,trayvon lawson,31,DB,Jr.,Criminal Justice,presto
Fitchburg St.,Mohamed Kallo,mohamed kallo,32,DE,Fr.,Cyber Security,presto
Fitchburg St.,Kanye Harvey,kanye harvey,33,LB,Sr.,Business Management,presto
Fitchburg St.,Joseph Mensah,joseph mensah,34,DB,So.,Computer Information Systems,presto
Fitchburg St.,Ralph Raymond,ralph raymond,35,DB,Fr.,Nursing,presto
Fitchburg St.,Dan Palmer,dan palmer,36,LB,Jr.,Criminal Justice,presto
Fitchburg St.,Ousman Touray,ousman touray,37,DB,Jr.,Construction Management,presto
Fitchburg St.,Hunter Sands,hunter sands,41,P,Jr.,Elementary Education,presto
Fitchburg St.,Lucas Greenstein,lucas greenstein,42,DB,Fr.,Exercise and Sports Science,presto
Fitchburg St.,Rob Holder,rob holder,43,WR,Fr.,Exercise and Sports Science,presto
Fitchburg St.,Joseph Hardy,joseph hardy,44,RB,Jr.,Business Accounting,presto
Fitchburg St.,Seyha Sun,seyha sun,45,RB,Fr.,Exercise and Sports Science,presto
Fitchburg St.,Jadiel Sotolongo,jadiel sotolongo,46,DB,Fr.,Business,presto
Fitchburg St.,Khile Ralph,khile ralph,48,DB,Fr.,Business Marketing,presto
Fitchburg St.,Michael Piccochi,michael piccochi,49,RB,Fr.,Business Administration,presto
Fitchburg St.,Thomas Costa,thomas costa,50,DE,Jr.,Criminal Justice,presto
Fitchburg St.,KJ Hardin,kj hardin,52,DE,So.,Business,presto
Fitchburg St.,Christopher Da Silva Breguez,christopher breguez,53,LB,So.,Accounting,presto
Fitchburg St.,Liam Collins,liam collins,54,DE,So.,Criminal Justice,presto
Fitchburg St.,Kyle Connolly,kyle connolly,58,LB,Jr.,Communications Media,presto
Fitchburg St.,Jeffrey Crandall,jeffrey crandall,59,LB,So.,Criminal Justice,presto
Fitchburg St.,Yariel Vallejo,yariel vallejo,60,OL,Fr.,Exercise and Sports Science,presto
Fitchburg St.,Jacob Cordon,jacob cordon,62,OL,Sr.,Communications,presto
Fitchburg St.,Garrett Berry,garrett berry,63,OL,So.,Undecided,presto
Fitchburg St.,Jonah Costa,jonah costa,65,K,Sr.,Construction Management,presto
Fitchburg St.,Cameron Borges,cameron borges,66,OL,Sr.,Computer Science,presto
Fitchburg St.,Troy Vento,troy vento,67,OL,Sr.,Criminal Justice,presto
Fitchburg St.,Conrad Lynch,conrad lynch,69,DE,Jr.,Communications Media,presto
Fitchburg St.,Christian Sifuentes,christian sifuentes,70,OL,So.,Construction Management,presto
Fitchburg St.,Giovanni Laguerre,giovanni laguerre,71,OL,Jr.,Business Administration,presto
Fitchburg St.,Xavier Aguilar,xavier aguilar,72,OL,Sr.,Construction Management,presto
Fitchburg St.,Josiah Russell,josiah russell,74,OL,Jr.,Psychology,presto
Fitchburg St.,Jared Hardison,jared hardison,76,OL,Gr.,MBA Accounting,presto
Fitchburg St.,William Aghedo,william aghedo,77,DL,Sr.,Construction Management,presto
Fitchburg St.,Maurice Donovan,maurice donovan,79,OL,So.,Construction Management,presto
Fitchburg St.,Nathaniel Rom,nathaniel rom,80,WR,Fr.,Business,presto
Fitchburg St.,Nathaniel Otor,nathaniel otor,81,WR,So.,Cybersecurity,presto
Fitchburg St.,Kaleb Ledbetter,kaleb ledbetter,82,WR,So.,Human Services,presto
Fitchburg St.,Kaeden Kelley,kaeden kelley,83,WR,Fr.,Business Administration,presto
Fitchburg St.,Lennoxx Ramos,lennoxx ramos,84,WR,Fr.,Construction Management,presto
Fitchburg St.,Edgar Melendez,edgar melendez,85,WR,Fr.,Business,presto
Fitchburg St.,Javiien Lazu,javiien lazu,86,WR,Fr.,Undecided,presto
Fitchburg St.,Jesus Morfe Gutierrez,jesus gutierrez,87,TE,Jr.,Computer Science,presto
Fitchburg St.,Christopher Towns,christopher towns,88,WR,Gr.,Business Administration,presto
Fitchburg St.,Jerry Domercant,jerry domercant,89,WR,Jr.,Business Administration,presto
Fitchburg St.,Fauzhan Sserugooti,fauzhan sserugooti,90,DE,Fr.,Nursing,presto
Fitchburg St.,Rolguy Dimanche,rolguy dimanche,92,DEis,So.,Business Administration,presto
Fitchburg St.,Juelz Gonzalez,juelz gonzalez,94,DL,So.,Criminal Justice,presto
Westfield St.,Dorian Keirsey,dorian keirsey,2,QB,So.,,presto
Westfield St.,Mark Wright-Woodhouse,mark woodhouse,3,LB,Sr.,Criminal Justice,presto
Westfield St.,Joel Perez-Guzman,joel guzman,4,RB,Gr.,"Physical Education, M. Ed.",presto
Westfield St.,Edwin Wilson,edwin wilson,5,DB,Sr.,,presto
Westfield St.,Cole Ingham,cole ingham,6,RB,Fy.,Management,presto
Westfield St.,Quinn Sumner,quinn sumner,7,QB,Fy.,Movement Science,presto
Westfield St.,Lucas Pickard,lucas pickard,8,TE,Sr.,,presto
Westfield St.,Cal Coughlin,cal coughlin,9,CB,Fy.,Criminal Justice,presto
Westfield St.,Nick Boucher,nick boucher,10,QB,So.,,presto
Westfield St.,Dom Curtis,dom curtis,11,QB,Jr.,,presto
Westfield St.,Josiah Montanez,josiah montanez,12,DB,So.,Economics,presto
Westfield St.,Brandon Paquette,brandon paquette,13,WR,Jr.,,presto
Westfield St.,Justin Flor,justin flor,14,CB,Fy.,Criminal Justice,presto
Westfield St.,Charles Lewis,charles lewis,15,Wide Receiver,Fy.,Criminal Justice,presto
Westfield St.,Malachi Hymes,malachi hymes,16,WR,Fy.,Sport Management,presto
Westfield St.,Tedi Hunt,tedi hunt,17,LB,So.,,presto
Westfield St.,Andrew Currier,andrew currier,18,K/P,Sr.,,presto
Westfield St.,Caedan Burns,caedan burns,19,DB,Fy.,Business,presto
Westfield St.,Chase Bowen,chase bowen,20,RB,Sr.,,presto
Westfield St.,Kevin Moreira,kevin moreira,21,RB,So.,,presto
Westfield St.,JC Pena,jc pena,22,FB,Sr.,,presto
Westfield St.,Aiden Hansen,aiden hansen,23,RB,Fy.,Exercise Science,presto
Westfield St.,Josh Marino,josh marino,24,DB,Jr.,,presto
Westfield St.,Brady Paquette,brady paquette,25,LB,Fy.,Movement Science,presto
Westfield St.,Andrew Lovell,andrew lovell,26,DB,Jr.,,presto
Westfield St.,Tom Cascio,tom cascio,27,DB,Sr.,,presto
Westfield St.,Nosaj Watson,nosaj watson,28,LB,Fy.,Business,presto
Westfield St.,Owen Granger,owen granger,29,DB,Fy.,Business,presto
Westfield St.,Dylan Doherty,dylan doherty,30,RB,Fy.,Undeclared,presto
Westfield St.,Eric Lovell,eric lovell,31,DB,Jr.,,presto
Westfield St.,Moose Thompson,moose thompson,32,LB,So.,,presto
Westfield St.,Ken Benbow,ken benbow,33,LB,So.,,presto
Westfield St.,Logan Potter,logan potter,34,LB,Jr.,Movement Science,presto
Westfield St.,Dino Stellato,dino stellato,35,K/P,Jr.,,presto
Westfield St.,Damien Scribner,damien scribner,36,DB,Fy.,Criminal Justice,presto
Westfield St.,Brian Carlin,brian carlin,37,K,So.,,presto
Westfield St.,Oliver Williams,oliver williams,38,RB,Sr.,,presto
Westfield St.,Aydan Verba,aydan verba,39,LB,Jr.,,presto
Westfield St.,Brandon Silva,brandon silva,40,LB,So.,,presto
Westfield St.,Matty Witek,matty witek,41,LB,So.,,presto
Westfield St.,Robert Smith,robert smith,42,RB,Fy.,Biology,presto
Westfield St.,Brandon Rene,brandon rene,43,LB,Fy.,Movement Science,presto
Westfield St.,Manny Mengata,manny mengata,44,RB,So.,,presto
Westfield St.,Dylan Cooper,dylan cooper,45,LB,Jr.,,presto
Westfield St.,Nick Gauger,nick gauger,46,LB,So.,,presto
Westfield St.,Ethan Lewis,ethan lewis,48,DL/LB,So.,,presto
Westfield St.,Preston Jacoski,preston jacoski,49,DL,Fy.,Criminal Justice,presto
Westfield St.,Logan Magras,logan magras,50,LB,So.,Computer Science,presto
Westfield St.,Dylan Rosario,dylan rosario,51,OL,So.,,presto
Westfield St.,Jon Alves,jon alves,52,DE,Fy.,Finance,presto
Westfield St.,AJ O'Neill,aj oneill,53,OL,So.,,presto
Westfield St.,Jamari Andrews,jamari andrews,54,OL,Sr.,Business Management,presto
Westfield St.,Evan Vieira,evan vieira,56,OL,Fy.,,presto
Westfield St.,Chuck Rogers,chuck rogers,57,OL,Fy.,Accounting,presto
Westfield St.,Tucker Jones,tucker jones,60,OG,Fy.,Movement Science,presto
Westfield St.,Shea Taylor,shea taylor,61,OL,Fy.,Physical Education,presto
Westfield St.,Jack Yurek,jack yurek,62,OL,Jr.,Movement Science,presto
Westfield St.,Chase Goldberg,chase goldberg,64,DL,Sr.,,presto
Westfield St.,Scott DeMarco,scott demarco,65,C,Fy.,Business Management,presto
Westfield St.,John Danick,john danick,66,OL,Fy.,Undeclared,presto
Westfield St.,Mauricio Duran,mauricio duran,67,OL,Jr.,,presto
Westfield St.,Michael Duarte,michael duarte,70,OL,Fy.,Physical Education,presto
Westfield St.,Ryan Morrissey,ryan morrissey,72,OL,So.,Physical Education,presto
Westfield St.,Tyler Santos,tyler santos,74,OL,So.,,presto
Westfield St.,Lureann Taveras,lureann taveras,76,OL,Fy.,Health Science,presto
Westfield St.,Seun Alade,seun alade,77,OL,Fy.,Computer Science,presto
Westfield St.,James McLean,james mclean,78,DL,Sr.,,presto
Westfield St.,Caeden Stevens,caeden stevens,79,OL,Fy.,Criminal Justice,presto
Westfield St.,Kole Tempestilli,kole tempestilli,81,RB,Fy.,Criminal Justice,presto
Westfield St.,Brady Cocio,brady cocio,82,WR,Fy.,Management,presto
Westfield St.,Alex McDermott,alex mcdermott,84,WR,So.,Business,presto
Westfield St.,Isaac Soto,isaac soto,86,TE,Fy.,Movement Science,presto
Westfield St.,Wilfredo Lanauze,wilfredo lanauze,87,WR,Fy.,Finance,presto
Westfield St.,Charlie Ohlson,charlie ohlson,88,WR,So.,,presto
Westfield St.,Drayden Keirsey,drayden keirsey,89,WR,Fy.,Undeclared,presto
Westfield St.,Emelson Ysnardin,emelson ysnardin,95,DL,So.,,presto
Westfield St.,Joesiel Sepulveda,joesiel sepulveda,96,DL,Jr.,,presto
Westfield St.,Jonny Balde,jonny balde,97,DL,So.,,presto
Westfield St.,Owen Wade,owen wade,98,DL,Jr.,Business Management,presto
Westfield St.,Dominic Allen,dominic allen,99,DE,Sr.,,presto
